onnx/lindex.onnx,vnnlib/lindex_1.vnnlib,30
onnx/lindex_deep.onnx,vnnlib/lindex_1.vnnlib,30
onnx/lindex.onnx,vnnlib/lindex_200.vnnlib,30
onnx/lindex_deep.onnx,vnnlib/lindex_200.vnnlib,30
onnx/lindex.onnx,vnnlib/lindex_400.vnnlib,30
onnx/lindex_deep.onnx,vnnlib/lindex_400.vnnlib,30
onnx/lindex.onnx,vnnlib/lindex_600.vnnlib,30
onnx/lindex_deep.onnx,vnnlib/lindex_600.vnnlib,30
onnx/lindex.onnx,vnnlib/lindex_800.vnnlib,30
onnx/lindex_deep.onnx,vnnlib/lindex_800.vnnlib,30
onnx/lindex.onnx,vnnlib/lindex_1000.vnnlib,30
onnx/lindex_deep.onnx,vnnlib/lindex_1000.vnnlib,30
onnx/lindex.onnx,vnnlib/lindex_3000.vnnlib,30
onnx/lindex_deep.onnx,vnnlib/lindex_3000.vnnlib,30
onnx/lindex.onnx,vnnlib/lindex_5000.vnnlib,30
onnx/lindex_deep.onnx,vnnlib/lindex_5000.vnnlib,30
onnx/lindex.onnx,vnnlib/lindex_7000.vnnlib,30
onnx/lindex_deep.onnx,vnnlib/lindex_7000.vnnlib,30
onnx/lindex.onnx,vnnlib/lindex_9000.vnnlib,30
onnx/lindex_deep.onnx,vnnlib/lindex_9000.vnnlib,30
onnx/lindex.onnx,vnnlib/lindex_10000.vnnlib,30
onnx/lindex_deep.onnx,vnnlib/lindex_10000.vnnlib,30
onnx/lindex.onnx,vnnlib/lindex_60000.vnnlib,40
onnx/lindex_deep.onnx,vnnlib/lindex_60000.vnnlib,40
onnx/mscn_128d.onnx,vnnlib/cardinality_0_1_128.vnnlib,20
onnx/mscn_128d.onnx,vnnlib/cardinality_0_500_128.vnnlib,20
onnx/mscn_128d.onnx,vnnlib/cardinality_0_750_128.vnnlib,20
onnx/mscn_128d.onnx,vnnlib/cardinality_0_1000_128.vnnlib,20
onnx/mscn_128d.onnx,vnnlib/cardinality_0_2120_128.vnnlib,30
onnx/mscn_128d.onnx,vnnlib/cardinality_0_2680_128.vnnlib,40
onnx/mscn_128d.onnx,vnnlib/cardinality_0_3240_128.vnnlib,50
onnx/mscn_128d.onnx,vnnlib/cardinality_0_3800_128.vnnlib,50
onnx/mscn_128d_dual.onnx,vnnlib/cardinality_1_1_128_dual.vnnlib,20
onnx/mscn_128d_dual.onnx,vnnlib/cardinality_1_240_128_dual.vnnlib,20
onnx/mscn_128d_dual.onnx,vnnlib/cardinality_1_360_128_dual.vnnlib,40
onnx/mscn_128d_dual.onnx,vnnlib/cardinality_1_480_128_dual.vnnlib,40
onnx/mscn_128d_dual.onnx,vnnlib/cardinality_1_600_128_dual.vnnlib,40
onnx/mscn_128d_dual.onnx,vnnlib/cardinality_1_720_128_dual.vnnlib,60
onnx/mscn_128d_dual.onnx,vnnlib/cardinality_1_840_128_dual.vnnlib,60
onnx/mscn_128d_dual.onnx,vnnlib/cardinality_1_960_128_dual.vnnlib,60
onnx/mscn_128d_dual.onnx,vnnlib/cardinality_1_2260_128_dual.vnnlib,100
onnx/mscn_128d_dual.onnx,vnnlib/cardinality_1_2890_128_dual.vnnlib,100
onnx/mscn_128d_dual.onnx,vnnlib/cardinality_1_3520_128_dual.vnnlib,120
onnx/mscn_128d_dual.onnx,vnnlib/cardinality_1_4150_128_dual.vnnlib,140
onnx/mscn_128d_dual.onnx,vnnlib/cardinality_1_4780_128_dual.vnnlib,140
onnx/mscn_128d_dual.onnx,vnnlib/cardinality_1_5410_128_dual.vnnlib,140
onnx/mscn_128d_dual.onnx,vnnlib/cardinality_1_6040_128_dual.vnnlib,160
onnx/mscn_128d_dual.onnx,vnnlib/cardinality_1_6670_128_dual.vnnlib,160
onnx/mscn_128d_dual.onnx,vnnlib/cardinality_1_7300_128_dual.vnnlib,160
onnx/mscn_128d_dual.onnx,vnnlib/cardinality_1_7930_128_dual.vnnlib,180
onnx/mscn_128d_dual.onnx,vnnlib/cardinality_1_8560_128_dual.vnnlib,180
onnx/mscn_128d_dual.onnx,vnnlib/cardinality_1_9190_128_dual.vnnlib,180
onnx/mscn_128d_dual.onnx,vnnlib/cardinality_1_9820_128_dual.vnnlib,200
onnx/mscn_128d_dual.onnx,vnnlib/cardinality_1_10450_128_dual.vnnlib,200
onnx/mscn_128d_dual.onnx,vnnlib/cardinality_1_11080_128_dual.vnnlib,400
onnx/mscn_2048d.onnx,vnnlib/cardinality_0_1_2048.vnnlib,20
onnx/mscn_2048d.onnx,vnnlib/cardinality_0_500_2048.vnnlib,20
onnx/mscn_2048d.onnx,vnnlib/cardinality_0_750_2048.vnnlib,40
onnx/mscn_2048d.onnx,vnnlib/cardinality_0_1000_2048.vnnlib,40
onnx/mscn_2048d.onnx,vnnlib/cardinality_0_2120_2048.vnnlib,60
onnx/mscn_2048d.onnx,vnnlib/cardinality_0_2680_2048.vnnlib,80
onnx/mscn_2048d.onnx,vnnlib/cardinality_0_3240_2048.vnnlib,100
onnx/mscn_2048d.onnx,vnnlib/cardinality_0_3800_2048.vnnlib,100
onnx/mscn_2048d.onnx,vnnlib/cardinality_0_4360_2048.vnnlib,120
onnx/mscn_2048d.onnx,vnnlib/cardinality_0_4920_2048.vnnlib,120
onnx/mscn_2048d.onnx,vnnlib/cardinality_0_5480_2048.vnnlib,140
onnx/mscn_2048d_dual.onnx,vnnlib/cardinality_1_1_2048_dual.vnnlib,20
onnx/mscn_2048d_dual.onnx,vnnlib/cardinality_1_240_2048_dual.vnnlib,140
onnx/mscn_2048d_dual.onnx,vnnlib/cardinality_1_360_2048_dual.vnnlib,160
onnx/mscn_2048d_dual.onnx,vnnlib/cardinality_1_480_2048_dual.vnnlib,180
onnx/mscn_2048d_dual.onnx,vnnlib/cardinality_1_600_2048_dual.vnnlib,180
onnx/mscn_2048d_dual.onnx,vnnlib/cardinality_1_720_2048_dual.vnnlib,200
onnx/mscn_2048d_dual.onnx,vnnlib/cardinality_1_840_2048_dual.vnnlib,200
onnx/mscn_2048d_dual.onnx,vnnlib/cardinality_1_960_2048_dual.vnnlib,200
onnx/mscn_2048d_dual.onnx,vnnlib/cardinality_1_2260_2048_dual.vnnlib,300
onnx/mscn_2048d_dual.onnx,vnnlib/cardinality_1_2890_2048_dual.vnnlib,340
onnx/mscn_2048d_dual.onnx,vnnlib/cardinality_1_3520_2048_dual.vnnlib,380
onnx/mscn_2048d_dual.onnx,vnnlib/cardinality_1_4150_2048_dual.vnnlib,420
onnx/mscn_2048d_dual.onnx,vnnlib/cardinality_1_4780_2048_dual.vnnlib,440
onnx/mscn_2048d_dual.onnx,vnnlib/cardinality_1_5410_2048_dual.vnnlib,460
onnx/mscn_2048d_dual.onnx,vnnlib/cardinality_1_6040_2048_dual.vnnlib,500
onnx/mscn_2048d_dual.onnx,vnnlib/cardinality_1_6670_2048_dual.vnnlib,520
onnx/mscn_2048d_dual.onnx,vnnlib/cardinality_1_7300_2048_dual.vnnlib,520
onnx/mscn_2048d_dual.onnx,vnnlib/cardinality_1_7930_2048_dual.vnnlib,540
onnx/mscn_2048d_dual.onnx,vnnlib/cardinality_1_8560_2048_dual.vnnlib,560
onnx/mscn_2048d_dual.onnx,vnnlib/cardinality_1_9190_2048_dual.vnnlib,580
onnx/mscn_2048d_dual.onnx,vnnlib/cardinality_1_9820_2048_dual.vnnlib,580
onnx/mscn_2048d_dual.onnx,vnnlib/cardinality_1_10450_2048_dual.vnnlib,600
onnx/mscn_2048d_dual.onnx,vnnlib/cardinality_1_11080_2048_dual.vnnlib,800
